type,total_txn,total_amount,fraud_count,mismatch_rate
CASH_IN,44206,7434337248.73,0,0.0
CASH_OUT,70379,12394163221.83,124,0.8869407067449097
DEBIT,1274,7659217.87,0,0.0
PAYMENT,67419,880452911.17,0,0.0
TRANSFER,16722,15085116037.24,144,0.9509030020332496
